{
    "R2":0.9999796838107935,
    "func":"nlogn",
    "pcov":[
        [
            2.573150168042754e-07,
            -5.3410222826897245e-05
        ],
        [
            -5.341022282689725e-05,
            0.016021393027371617
        ]
    ],
    "popt":[
        1.114089988055822,
        1.7764031504401199
    ]
}