{
    "R2":0.9997307247448067,
    "func":"n2",
    "pcov":[
        [
            1.1901451437351696e-07,
            -1.2020466307623437e-05,
            0.0002043479239306133
        ],
        [
            -1.2020466307623438e-05,
            0.0012933784252188907,
            -0.024644361111662356
        ],
        [
            0.00020434792393061324,
            -0.02464436111166235,
            0.6192151201573814
        ]
    ],
    "popt":[
        0.012740244761277098,
        4.047477481515934,
        -14.479043814481676
    ]
}