{
    "R2":0.9959447274795901,
    "func":"n",
    "pcov":[
        [
            0.0011822359372090565,
            -0.05970291610799985
        ],
        [
            -0.05970291610799986,
            4.000095568312032
        ]
    ],
    "popt":[
        5.334242204117785,
        -36.35404418439176
    ]
}