{
    "1":{
        "expectation":1.0,
        "sample_count":0
    },
    "2":{
        "expectation":2.0,
        "sample_count":0
    },
    "3":{
        "expectation":4.0,
        "sample_count":1007
    },
    "4":{
        "expectation":6.499999999999996,
        "sample_count":1014
    },
    "5":{
        "expectation":9.33333333333333,
        "sample_count":1021
    },
    "6":{
        "expectation":12.416666666666664,
        "sample_count":1029
    },
    "7":{
        "expectation":15.700000000000014,
        "sample_count":1038
    },
    "8":{
        "expectation":19.149999999999995,
        "sample_count":1047
    },
    "9":{
        "expectation":22.742857142857147,
        "sample_count":1057
    },
    "10":{
        "expectation":26.46071428571422,
        "sample_count":1066
    },
    "11":{
        "expectation":30.28968253968252,
        "sample_count":1076
    },
    "12":{
        "expectation":34.218650793650696,
        "sample_count":1087
    },
    "13":{
        "expectation":38.23852813852799,
        "sample_count":1097
    },
    "14":{
        "expectation":42.34173881673882,
        "sample_count":1108
    },
    "15":{
        "expectation":46.521872571872684,
        "sample_count":1118
    },
    "16":{
        "expectation":50.77343489843497,
        "sample_count":1129
    },
    "17":{
        "expectation":55.09166389166388,
        "sample_count":1140
    },
    "18":{
        "expectation":59.472392884892734,
        "sample_count":1152
    },
    "19":{
        "expectation":63.911945407533445,
        "sample_count":1163
    },
    "20":{
        "expectation":68.4070534857294,
        "sample_count":1174
    },
    "21":{
        "expectation":72.95479314287303,
        "sample_count":1186
    },
    "22":{
        "expectation":77.55253280001622,
        "sample_count":1198
    },
    "23":{
        "expectation":82.19789150477968,
        "sample_count":1210
    },
    "24":{
        "expectation":86.8887047549971,
        "sample_count":1222
    },
    "25":{
        "expectation":91.62299626608419,
        "sample_count":1234
    },
    "26":{
        "expectation":96.3989544438372,
        "sample_count":1246
    },
    "27":{
        "expectation":101.21491262159104,
        "sample_count":1258
    },
    "28":{
        "expectation":106.06933233780532,
        "sample_count":1270
    },
    "29":{
        "expectation":110.96078909105755,
        "sample_count":1282
    },
    "30":{
        "expectation":115.88796013002471,
        "sample_count":1295
    },
    "31":{
        "expectation":120.84961392761176,
        "sample_count":1307
    },
    "32":{
        "expectation":125.84460105853256,
        "sample_count":1320
    },
    "33":{
        "expectation":130.87184625396907,
        "sample_count":1333
    },
    "34":{
        "expectation":135.93034144940566,
        "sample_count":1345
    },
    "35":{
        "expectation":141.01913967514488,
        "sample_count":1358
    },
    "36":{
        "expectation":146.1373496655904,
        "sample_count":1371
    },
    "37":{
        "expectation":151.2841310846069,
        "sample_count":1384
    },
    "38":{
        "expectation":156.45869028140316,
        "sample_count":1445
    },
    "39":{
        "expectation":161.66027650522494,
        "sample_count":1522
    },
    "40":{
        "expectation":166.8881785185194,
        "sample_count":1601
    },
    "41":{
        "expectation":172.14172155745572,
        "sample_count":1682
    },
    "42":{
        "expectation":177.42026459639106,
        "sample_count":1765
    },
    "43":{
        "expectation":182.72319787922868,
        "sample_count":1850
    },
    "44":{
        "expectation":188.04994068587564,
        "sample_count":1937
    },
    "45":{
        "expectation":193.39993930647896,
        "sample_count":2026
    },
    "46":{
        "expectation":198.7726651998068,
        "sample_count":2117
    },
    "47":{
        "expectation":204.1676133153587,
        "sample_count":2210
    },
    "48":{
        "expectation":209.58430056134364,
        "sample_count":2305
    },
    "49":{
        "expectation":215.0222644030732,
        "sample_count":2402
    },
    "50":{
        "expectation":220.48106157813632,
        "sample_count":2501
    },
    "51":{
        "expectation":225.9602669164649,
        "sample_count":2602
    },
    "52":{
        "expectation":231.45947225479281,
        "sample_count":2705
    },
    "53":{
        "expectation":236.97828543625778,
        "sample_count":2810
    },
    "54":{
        "expectation":242.51632938695565,
        "sample_count":2917
    },
    "55":{
        "expectation":248.07324126218452,
        "sample_count":3026
    },
    "56":{
        "expectation":253.64867165592855,
        "sample_count":3137
    },
    "57":{
        "expectation":259.24228386785046,
        "sample_count":3250
    },
    "58":{
        "expectation":264.8537532226306,
        "sample_count":3365
    },
    "59":{
        "expectation":270.48276643706095,
        "sample_count":3482
    },
    "60":{
        "expectation":276.12902103080734,
        "sample_count":3601
    },
    "61":{
        "expectation":281.79222477708964,
        "sample_count":3722
    },
    "62":{
        "expectation":287.47209519004025,
        "sample_count":3845
    },
    "63":{
        "expectation":293.1683590456171,
        "sample_count":3970
    },
    "64":{
        "expectation":298.8807519334443,
        "sample_count":4097
    },
    "65":{
        "expectation":304.6090178371523,
        "sample_count":4226
    },
    "66":{
        "expectation":310.3529087408628,
        "sample_count":4357
    },
    "67":{
        "expectation":316.1121842599549,
        "sample_count":4490
    },
    "68":{
        "expectation":321.88661129419097,
        "sample_count":4625
    },
    "69":{
        "expectation":327.6759637015742,
        "sample_count":4762
    },
    "70":{
        "expectation":333.48002199130804,
        "sample_count":4901
    },
    "71":{
        "expectation":339.2985730346661,
        "sample_count":5042
    },
    "72":{
        "expectation":345.13140979230246,
        "sample_count":5185
    },
    "73":{
        "expectation":350.97833105698874,
        "sample_count":5330
    },
    "74":{
        "expectation":356.839141210547,
        "sample_count":5477
    },
    "75":{
        "expectation":362.71364999425793,
        "sample_count":5626
    },
    "76":{
        "expectation":368.6016722914807,
        "sample_count":5777
    },
    "77":{
        "expectation":374.503027922027,
        "sample_count":5930
    },
    "78":{
        "expectation":380.4175414473168,
        "sample_count":6085
    },
    "79":{
        "expectation":386.34504198560103,
        "sample_count":6242
    },
    "80":{
        "expectation":392.2853630367043,
        "sample_count":6401
    },
    "81":{
        "expectation":398.23834231565576,
        "sample_count":6562
    },
    "82":{
        "expectation":404.2038215945882,
        "sample_count":6725
    },
    "83":{
        "expectation":410.18164655254594,
        "sample_count":6890
    },
    "84":{
        "expectation":416.17166663244507,
        "sample_count":7057
    },
    "85":{
        "expectation":422.17373490513694,
        "sample_count":7226
    },
    "86":{
        "expectation":428.18770793972885,
        "sample_count":7397
    },
    "87":{
        "expectation":434.2134456801901,
        "sample_count":7570
    },
    "88":{
        "expectation":440.2508113276366,
        "sample_count":7745
    },
    "89":{
        "expectation":446.2996712279541,
        "sample_count":7922
    },
    "90":{
        "expectation":452.359894764631,
        "sample_count":8101
    },
    "91":{
        "expectation":458.4313542563758,
        "sample_count":8282
    },
    "92":{
        "expectation":464.5139248592311,
        "sample_count":8465
    },